Class	Name
1	51
1	51
1	51
1	51
1	51
1	51
1	51
1	51
1	51
1	51
1	51
1	51
1	51
1	51
1	51
1	51
1	51
1	51
1	51
1	51
1	51
1	51
1	51
1	51
1	51
1	51
1	51
1	51
1	51
1	51
1	51
1	51
1	51
1	51
1	51
1	51
1	51
1	51
1	51
1	51
1	51
1	51
1	51
1	51
1	51
1	51
1	51
1	51
1	51
1	51
1	51
1	51
1	51
1	51
1	51
1	51
1	51
1	51
1	51
1	51
1	51
1	51
1	51
1	51
1	51
1	51
1	51
1	51
1	51
1	51
1	51
1	51
1	51
1	51
1	51
1	51
1	51
1	51
1	51
1	51
1	51
1	51
1	51
1	51
1	51
1	51
1	51
1	51
1	51
1	51
1	51
1	51
1	51
1	51
1	51
1	51
1	51
1	51
1	51
1	51
2	51
2	51
2	51
2	51
2	52
2	52
2	52
2	52
2	52
2	52
2	52
2	52
2	52
2	52
2	52
2	52
2	52
2	52
2	52
2	52
2	52
2	52
2	52
2	52
2	52
2	52
2	52
2	52
2	52
2	52
2	52
2	52
2	52
2	52
2	52
2	52
2	52
2	52
2	52
2	52
2	52
2	52
2	52
2	52
2	52
2	52
2	52
2	52
2	52
2	52
2	52
2	52
2	52
2	52
2	52
2	52
2	52
2	52
2	52
2	52
2	52
2	52
2	52
2	52
2	52
2	52
2	52
2	52
2	52
2	52
2	52
2	52
2	52
2	52
2	52
2	52
2	52
2	52
2	52
2	52
2	52
2	52
2	52
2	52
2	52
2	52
2	52
2	52
2	52
2	52
2	52
2	52
2	52
2	52
2	52
2	52
2	52
2	52
2	52
2	52
3	52
3	52
3	52
3	52
3	52
3	52
3	52
3	52
3	52
3	52
3	53
3	53
3	53
3	53
3	53
3	53
3	53
3	53
3	53
3	53
3	53
3	53
3	53
3	53
3	53
3	53
3	53
3	53
3	53
3	53
3	53
3	53
3	53
3	53
3	53
3	53
3	53
3	53
3	53
3	53
3	53
3	53
3	53
3	53
3	53
3	53
3	53
3	53
3	53
3	53
3	53
3	53
3	53
3	53
3	53
3	53
3	53
3	53
3	53
3	53
3	53
3	53
3	53
3	53
3	53
3	53
3	53
3	53
3	53
3	53
3	53
3	53
3	53
3	53
3	53
3	53
3	53
3	53
3	53
3	53
3	53
3	53
3	53
3	53
3	53
3	53
3	53
3	53
3	53
3	53
3	53
3	53
3	53
3	53
3	53
3	53
3	53
3	53
3	53
3	53
4	53
4	53
4	53
4	53
4	53
4	53
4	53
4	53
4	53
4	53
4	53
4	53
4	53
4	53
4	52
4	54
4	54
4	54
4	54
4	54
4	54
4	54
4	54
4	54
4	54
4	54
4	54
4	54
4	54
4	54
4	54
4	54
4	54
4	54
4	54
4	54
4	54
4	54
4	54
4	54
4	54
4	54
4	54
4	54
4	54
4	54
4	54
4	54
4	54
4	54
4	54
4	54
4	54
4	54
4	54
4	54
4	54
4	54
4	54
4	54
4	54
4	54
4	54
4	54
4	54
4	54
4	54
4	54
4	54
4	54
4	54
4	54
4	54
4	54
4	54
4	54
4	54
4	54
4	54
4	54
4	54
4	54
4	54
4	54
4	54
4	54
4	54
4	54
4	54
4	54
4	54
4	54
4	54
4	54
4	54
4	54
4	54
4	54
4	54
4	54
5	54
5	54
5	54
5	54
5	54
5	54
5	54
5	54
5	54
5	54
5	54
5	54
5	54
5	54
5	54
5	54
5	54
5	54
5	54
5	52
5	55
5	55
5	55
5	55
5	55
5	55
5	55
5	55
5	55
5	55
5	55
5	55
5	55
5	55
5	55
5	55
5	55
5	55
5	55
5	55
5	55
5	55
5	55
5	55
5	55
5	55
5	55
5	55
5	55
5	55
5	55
5	55
5	55
5	55
5	55
5	55
5	55
5	55
5	55
5	55
5	55
5	55
5	55
5	55
5	55
5	55
5	55
5	55
5	55
5	55
5	55
5	55
5	55
5	55
5	55
5	55
5	55
5	55
5	55
5	55
5	55
5	55
5	55
5	55
5	55
5	55
5	55
5	55
5	55
5	55
5	55
5	55
5	55
5	55
5	55
5	55
5	55
5	55
5	55
5	55
6	55
6	55
6	55
6	55
6	55
6	55
6	55
6	55
6	55
6	55
6	55
6	55
6	55
6	55
6	55
6	55
6	55
6	55
6	55
6	55
6	55
6	55
6	55
6	55
6	52
6	56
6	56
6	56
6	56
6	56
6	56
6	56
6	56
6	56
6	56
6	56
6	56
6	56
6	56
6	56
6	56
6	56
6	56
6	56
6	56
6	56
6	56
6	56
6	56
6	56
6	56
6	56
6	56
6	56
6	56
6	56
6	56
6	56
6	56
6	56
6	56
6	56
6	56
6	56
6	56
6	56
6	56
6	56
6	56
6	56
6	56
6	56
6	56
6	56
6	56
6	56
6	56
6	56
6	56
6	56
6	56
6	56
6	56
6	56
6	56
6	56
6	56
6	56
6	56
6	56
6	56
6	56
6	56
6	56
6	56
6	56
6	56
6	56
6	56
6	56
7	56
7	56
7	56
7	56
7	56
7	56
7	56
7	56
7	56
7	56
7	56
7	56
7	56
7	56
7	56
7	56
7	56
7	56
7	56
7	56
7	56
7	56
7	56
7	56
7	56
7	56
7	56
7	56
7	56
7	52
7	57
7	57
7	57
7	57
7	57
7	57
7	57
7	57
7	57
7	57
7	57
7	57
7	57
7	57
7	57
7	57
7	57
7	57
7	57
7	57
7	57
7	57
7	57
7	57
7	57
7	57
7	57
7	57
7	57
7	57
7	57
7	57
7	57
7	57
7	57
7	57
7	57
7	57
7	57
7	57
7	57
7	57
7	57
7	57
7	57
7	57
7	57
7	57
7	57
7	57
7	57
7	57
7	57
7	57
7	57
7	57
7	57
7	57
7	57
7	57
7	57
7	57
7	57
7	57
7	57
7	57
7	57
7	57
7	57
7	57
8	57
8	57
8	57
8	57
8	57
8	57
8	57
8	57
8	57
8	57
8	57
8	57
8	57
8	57
8	57
8	57
8	57
8	57
8	57
8	57
8	57
8	57
8	57
8	57
8	57
8	57
8	57
8	57
8	57
8	57
8	57
8	57
8	57
8	57
8	52
8	58
8	58
8	58
8	58
8	58
8	58
8	58
8	58
8	58
8	58
8	58
8	58
8	58
8	58
8	58
8	58
8	58
8	58
8	58
8	58
8	58
8	58
8	58
8	58
8	58
8	58
8	58
8	58
8	58
8	58
8	58
8	58
8	58
8	58
8	58
8	58
8	58
8	58
8	58
8	58
8	58
8	58
8	58
8	58
8	58
8	58
8	58
8	58
8	58
8	58
8	58
8	58
8	58
8	58
8	58
8	58
8	58
8	58
8	58
8	58
8	58
8	58
8	58
8	58
8	58
9	58
9	58
9	58
9	58
9	58
9	58
9	58
9	58
9	58
9	58
9	58
9	58
9	58
9	58
9	58
9	58
9	58
9	58
9	58
9	58
9	58
9	58
9	58
9	58
9	58
9	58
9	58
9	58
9	58
9	58
9	58
9	58
9	58
9	58
9	58
9	58
9	58
9	58
9	58
9	52
9	59
9	59
9	59
9	59
9	59
9	59
9	59
9	59
9	59
9	59
9	59
9	59
9	59
9	59
9	59
9	59
9	59
9	59
9	59
9	59
9	59
9	59
9	59
9	59
9	59
9	59
9	59
9	59
9	59
9	59
9	59
9	59
9	59
9	59
9	59
9	59
9	59
9	59
9	59
9	59
9	59
9	59
9	59
9	59
9	59
9	59
9	59
9	59
9	59
9	59
9	59
9	59
9	59
9	59
9	59
9	59
9	59
9	59
9	59
9	59
10	59
10	59
10	59
10	59
10	59
10	59
10	59
10	59
10	59
10	59
10	59
10	59
10	59
10	59
10	59
10	59
10	59
10	59
10	59
10	59
10	59
10	59
10	59
10	59
10	59
10	59
10	59
10	59
10	59
10	59
10	59
10	59
10	59
10	59
10	59
10	59
10	59
10	59
10	59
10	59
10	59
10	59
10	59
10	59
10	52
10	60
10	60
10	60
10	60
10	60
10	60
10	60
10	60
10	60
10	60
10	60
10	60
10	60
10	60
10	60
10	60
10	60
10	60
10	60
10	60
10	60
10	60
10	60
10	60
10	60
10	60
10	60
10	60
10	60
10	60
10	60
10	60
10	60
10	60
10	60
10	60
10	60
10	60
10	60
10	60
10	60
10	60
10	60
10	60
10	60
10	60
10	60
10	60
10	60
10	60
10	60
10	60
10	60
10	60
10	60
11	60
11	60
11	60
11	60
11	60
11	60
11	60
11	60
11	60
11	60
11	60
11	60
11	60
11	60
11	60
11	60
11	60
11	60
11	60
11	60
11	60
11	60
11	60
11	60
11	60
11	60
11	60
11	60
11	60
11	60
11	60
11	60
11	60
11	60
11	60
11	60
11	60
11	60
11	60
11	60
11	60
11	60
11	60
11	60
11	60
11	60
11	60
11	60
11	60
11	52
